CompanyName,TwitterHandle
Simply Business,simplybusiness
Chess,Chess_Telecom
Red Carnation Hotels,red_carnation
MVF,MVFGlobal
Skyscanner,Skyscanner
MotoNovo Finance,motonovofinance
First Response Finance,FirstResFinance
Connect Catering,
Hydrock,hydrocknews
Charter Court Financial Services,
Fourfront Group,FourfrontGroup
Stephens Scown LLP,StephensScown
Robinwood Activity Centre,RealRobinwood
Churchill Retirement Living,ChurchillRL
Hawksmoor Group,HawksmoorLondon
Beaverbrooks the Jewellers,Beaverbrooks
Mishcon de Reya,Mishcon_de_Reya
Zuto,Zuto
Attenda,AttendaUK
Holiday Extras,HolidayExtras
Childbase Partnership,
Lindum Group,LindumGroupLtd
Kingsley Napley LLP,kingsleynapley
Bravissimo,lovebravissimo
PHD,phdworldwide
Hilti (Great Britain),
Peninsula Business Services,peninsula_uk
COOK,theCOOKkitchen
Markerstudy Group,Markerstudyins
Janssen UK,JanssenUK
Bibby Financial Services,BibbyFinanceUK
Stryker UK,Stryker_Jobs
Pure Gym,PureGym
Curtins,CurtinsConsult
SweetTree Home Care Services,SweetTreeHCS
Citygate Automotive,CitygateCars
Kainos,KainosSoftware
Cambridge Consultants,CambConsultants
Swansway Garages,swanswaygroup
Randstad,RandstadJobs
Pertemps Recruitment Partnership,PertempsJobs
Oakman Inns & Restaurants,OakmanInns
Wyboston Lakes,WybostonLakes
Rackspace,Rackspace
Withy King LLP,
Gamma,wearegamma
Skipton Building Society,skiptonbs
Gerald Eve LLP,GeraldEveLLP
Bishop Fleming,BishopFlemingUK
Creditsafe,Creditsafe
Search Consultancy,SearchRecruits
Anderson Anderson & Brown LLP,A2BAccountants
Ovo Energy,OVOEnergy
Toyota ,ToyotaGB
Flight Centre (UK),FlightCentre_UK
Zen Internet,zeninternet
Explore Learning,exploretutors
Motorpoint,motorpoint
Citation,citationltd
Hays Travel,HaysTravel
Withers LLP,WithersLLP
Bartle Bogle Hegarty (BBH),bbhlondon
Pandora,PANDORA_UK
Buzzworks Holdings,BuzzworksLife
Zenith,ZenithVehicles
Engine,EngineLondon
Think Money Group,thinkmoney
MEC,MECUK
The Breakfast Club Cafes,TheBrekkyClub
Karma Communications Group,KarmaAgency
Revolution Bars Group,RevolutionBars
Lancaster London,lancasterlondon
Tony Gee and Partners LLP,TonyGeeLLP
Mills & Reeve LLP,MillsandReeve
Xoserve,XoserveLimited
Lewis Silkin LLP,LewisSilkin
Blue Arrow Group,bluearrowgroup
Edelman,EdelmanUK
Certsure LLP,CertsureLLP
Big Yellow Group,bigyellowss
Altro,AltroFlooring
Fletchers Solicitors,FletchersLegal
White Stuff,WhiteStuffUK
JCT600,jct600
Parkdean Holidays,Parkdean
L'Occitane en Provence,LOCCITANE_UK
Penna,wearepenna
Fossil Group,Fossil
Kuoni,KuoniTravelUK
Thomas Sabo,THOMASSABO
Audley Travel,audleytravel
Just Retirement,JustRetirement
Lightsource Renewable Energy,LightsourceRE
Sky Betting & Gaming,SkyBet
Build-A-Bear,buildabear
ID Medical Group,IDMedical
UKTV,UKTV
Covea Insurance,CoveaInsplc
Access Group,theaccessgroup
Maxus Communications UK,MaxusLondon
